{
  "generated": "2026-02-24T04:04:42.200Z",
  "csvFile": "/Users/jason/Dev/mycelium/my-exploration/projects/aastar-sdk/packages/analytics/data/gasless_data_collection.csv",
  "totalRows": 174,
  "descriptiveStats": {
    "gasUsedL2": {
      "T1": {
        "n": 50,
        "mean": 152008.4,
        "median": 152006,
        "sd": 16.26314225229454,
        "min": 151982,
        "max": 152042,
        "q1": 152006,
        "q3": 152006,
        "iqr": 0
      },
      "T2_SP_Credit": {
        "n": 23,
        "mean": 167855,
        "median": 167867,
        "sd": 18.250778314661243,
        "min": 167815,
        "max": 167867,
        "q1": 167851,
        "q3": 167867,
        "iqr": 16
      },
      "T2.1_SP_Normal": {
        "n": 50,
        "mean": 167829.72,
        "median": 167835,
        "sd": 26.116723862424283,
        "min": 167779,
        "max": 167867,
        "q1": 167803,
        "q3": 167855,
        "iqr": 52
      },
      "T5": {
        "n": 50,
        "mean": 169377.76,
        "median": 169378,
        "sd": 12.399078306759051,
        "min": 169350,
        "max": 169394,
        "q1": 169366,
        "q3": 169390,
        "iqr": 24
      }
    },
    "totalCostETH": {
      "T1": {
        "n": 50,
        "mean": 0.00003545318137437418,
        "median": 2.85106363957e-7,
        "sd": 0.00005993749028255041,
        "min": 2.75959017115e-7,
        "max": 0.000135567213150002,
        "q1": 2.7898435792075e-7,
        "q3": 0.00010173339800453175,
        "iqr": 0.000101454413646611
      },
      "T2_SP_Credit": {
        "n": 23,
        "mean": 0.00004994699976709729,
        "median": 2.95878790766e-7,
        "sd": 0.00006951351215358333,
        "min": 2.94604169895e-7,
        "max": 0.000143057232684511,
        "q1": 2.95816125586e-7,
        "q3": 0.000143031286588809,
        "iqr": 0.000142735470463223
      },
      "T2.1_SP_Normal": {
        "n": 50,
        "mean": 0.000014577774333549105,
        "median": 3.0821256584649997e-7,
        "sd": 0.00004325454858011862,
        "min": 2.94682016485e-7,
        "max": 0.000143046570259287,
        "q1": 2.9795022286475e-7,
        "q3": 3.090074797225e-7,
        "iqr": 1.1057256857749972e-8
      },
      "T5": {
        "n": 50,
        "mean": 0.0000261396831946224,
        "median": 2.947224419775e-7,
        "sd": 0.000055722063179035326,
        "min": 2.92282028727e-7,
        "max": 0.000143895421459816,
        "q1": 2.936867352675e-7,
        "q3": 2.9714803450625e-7,
        "iqr": 3.461299238750007e-9
      }
    }
  },
  "bootstrapCI": {
    "gasUsedL2": {
      "T1": {
        "lower": 152004.08,
        "upper": 152012.96,
        "mean": 152008.4
      },
      "T2_SP_Credit": {
        "lower": 167847,
        "upper": 167861.78260869565,
        "mean": 167855
      },
      "T2.1_SP_Normal": {
        "lower": 167822.68,
        "upper": 167836.76,
        "mean": 167829.72
      },
      "T5": {
        "lower": 169374.32,
        "upper": 169381.04,
        "mean": 169377.76
      }
    },
    "totalCostETH": {
      "T1": {
        "lower": 0.000019220619667503923,
        "upper": 0.00005168666424388832,
        "mean": 0.00003545318137437418
      },
      "T2_SP_Credit": {
        "lower": 0.00002512101692346304,
        "upper": 0.00008097598768893863,
        "mean": 0.00004994699976709729
      },
      "T2.1_SP_Normal": {
        "lower": 0.0000031596778643998188,
        "upper": 0.00002599770395448146,
        "mean": 0.000014577774333549105
      },
      "T5": {
        "lower": 0.000011781464653653247,
        "upper": 0.00004336817661420153,
        "mean": 0.0000261396831946224
      }
    }
  },
  "cliffsDelta": {
    "T1_vs_T2.1_SP_Normal": {
      "delta": -1,
      "interpretation": "large"
    },
    "T1_vs_T5": {
      "delta": -1,
      "interpretation": "large"
    },
    "T2_SP_Credit_vs_T2.1_SP_Normal": {
      "delta": 0.5452173913043479,
      "interpretation": "large"
    },
    "T2.1_SP_Normal_vs_T5": {
      "delta": -1,
      "interpretation": "large"
    }
  }
}